{"data": {"1-49": {"values": [134.3861619471135, 129.69378724196767, 140.23505591514706, 134.9306886290845, 150.50910754167487], "difference": [4.6923747051458236, 5.848893968033565, 0.5445266819710071, 16.122945594561372, 10.541268673179388, 5.236901387116831, 20.815320299707196, 5.304367286062558, 10.274051626527807, 15.578418912590365], "status": "poor", "average": 9.495906913489591}, "1-58": {"values": [175.79185924774157, 177.48058350193284, 188.2464082632367, 174.24038521013432, 186.31147525572817], "difference": [1.6887242541912713, 12.454549015495132, 1.5514740376072496, 10.519616007986599, 10.765824761303861, 3.240198291798521, 8.830891753795328, 14.006023053102382, 1.9349330075085334, 12.071090045593849], "status": "poor", "average": 7.706332422838273}, "7-18": {"values": [196.2100048750621, 201.750532688847, 207.72695594254967, 188.16070533484825, 209.4783916808523], "difference": [5.540527813784877, 11.516951067487554, 8.049299540213866, 13.268386805790186, 5.976423253702677, 13.589827353998743, 7.727858992005309, 19.56625060770142, 1.7514357383026322, 21.317686346004052], "status": "poor", "average": 10.830464751899132}, "8-18": {"values": [219.3145143604279, 223.88021078087354, 232.46306365117613, 209.27928248820012, 230.41026211713938], "difference": [4.565696420445647, 13.148549290748235, 10.035231872227769, 11.09574775671149, 8.582852870302588, 14.600928292673416, 6.530051336265842, 23.183781162976004, 2.052801534036746, 21.130979628939258], "status": "poor", "average": 11.4926620165327}, "9-18": {"values": [236.12648931081065, 240.03945109915253, 250.26237309039553, 224.98071451620504, 246.82946810457278], "difference": [3.9129617883418746, 14.135883779584873, 11.145774794605614, 10.702978793762128, 10.222921991242998, 15.058736582947489, 6.790017005420253, 25.281658574190487, 3.432904985822745, 21.848753588367742], "status": "poor", "average": 12.25325918842862}, "10-18": {"values": [250.07515210301563, 250.79786067870407, 263.3991806640587, 239.87723553298704, 256.66666666666663], "difference": [0.7227085756884435, 13.324028561043065, 10.197916570028582, 6.591514563651003, 12.601319985354621, 10.920625145717025, 5.86880598796256, 23.521945131071647, 6.732513997392061, 16.789431133679585], "status": "poor", "average": 10.727080965158859}, "17-55": {"values": [140.88886827075578, 129.29564727798058, 141.60036135146345, 141.46643237062833, 151.11268224422042], "difference": [11.593220992775201, 0.7114930807076689, 0.5775640998725464, 10.223813973464644, 12.30471407348287, 12.170785092647748, 21.817034966239845, 0.1339289808351225, 9.512320892756975, 9.646249873592097], "status": "poor", "average": 8.869112602637472}, "18-31": {"values": [118.13501747128656, 129.87331544725905, 141.60036135146345, 119.15086547839648, 127.46710653287477], "difference": [11.738297975972486, 23.46534388017689, 1.0158480071099234, 9.332089061588206, 11.727045904204402, 10.722449968862563, 2.4062089143842798, 22.449495873066965, 14.133254818588682, 8.316241054478283], "status": "poor", "average": 11.530627545843268}, "18-49": {"values": [138.6589600045467, 141.34126987380057, 155.20724712653518, 139.61984295620417, 158.91996588080286], "difference": [2.6823098692538565, 16.548287121988466, 0.9608829516574531, 20.26100587625615, 13.86597725273461, 1.7214269175964034, 17.578696007002293, 15.587404170331013, 3.7127187542676836, 19.300122924598696], "status": "poor", "average": 11.221883184568663}, "18-52": {"values": [151.10161927128786, 158.871447230414, 169.68549860751065, 150.53616638238682, 162.88006179368463], "difference": [7.7698279591261326, 18.583879336222793, 0.5654528889010351, 11.778442522396773, 10.81405137709666, 8.335280848027168, 4.0086145632706405, 19.14933222512383, 6.80543681382602, 12.343895411297808], "status": "poor", "average": 10.015421394528886}, "18-58": {"values": [175.37308503373137, 183.13340179824309, 198.91256009191704, 172.31810220501498, 189.23146410823702], "difference": [7.760316764511714, 23.539475058185673, 3.0549828287163905, 13.858379074505649, 15.779158293673959, 10.815299593228104, 6.098062309993935, 26.594457886902063, 9.681095983680024, 16.91336190322204], "status": "poor", "average": 13.409458969661955}, "22-31": {"values": [83.84645942536831, 92.57625741704145, 103.96064251637807, 80.49398460262303, 83.06109377527662], "difference": [8.729797991673138, 20.114183091009764, 3.352474822745279, 0.7853656500916912, 11.384385099336626, 12.082272814418417, 9.515163641764829, 23.466657913755043, 20.899548741101455, 2.5671091726535877], "status": "poor", "average": 11.289695893854983}, "22-58": {"values": [162.9035963364419, 164.85296332234122, 177.41649264090256, 154.6739315806703, 165.52945357246847], "difference": [1.9493669858993314, 14.512896304460668, 8.22966475577158, 2.625857236026576, 12.563529318561336, 10.179031741670912, 0.6764902501272445, 22.742561060232248, 11.887039068434092, 10.855521991798156], "status": "poor", "average": 9.622195871298214}, "23-31": {"values": [87.23231697130947, 91.59106058410023, 105.17295866772248, 80.40084473756497, 81.46626379521854], "difference": [4.358743612790761, 17.94064169641301, 6.831472233744506, 5.766053176090935, 13.58189808362225, 11.190215846535267, 10.124796788881696, 24.772113930157516, 23.706694872503945, 1.0654190576535711], "status": "poor", "average": 11.933804929839345}, "23-58": {"values": [165.89281128668992, 165.4982416002596, 178.95897267267, 155.7666439866407, 164.999352498082], "difference": [0.39456968643031587, 13.066161385980081, 10.126167300049218, 0.8934587886079157, 13.460731072410397, 9.731597613618902, 0.49888910217759985, 23.1923286860293, 13.959620174587997, 9.232708511441302], "status": "poor", "average": 9.455623232133302}, "27-55": {"values": [142.18762344676105, 142.1945005292863, 157.56376178961176, 142.6269167686307, 154.52159420910422], "difference": [0.006877082525249989, 15.376138342850709, 0.43929332186965553, 12.33397076234317, 15.369261260325459, 0.43241623934440554, 12.32709367981792, 14.936845020981053, 3.042167580507538, 11.894677440473515], "status": "poor", "average": 8.615874073103868}, "27-58": {"values": [182.00274723201295, 183.97334998689783, 203.01002191444263, 173.51564548836342, 187.26324083364935], "difference": [1.9706027548848795, 21.00727468242968, 8.487101743649532, 5.260493601636398, 19.036671927544802, 10.457704498534412, 3.2898908467515184, 29.494376426079214, 15.746781080793284, 13.74759534528593], "status": "poor", "average": 12.849849290758964}, "31-46": {"values": [98.35244081556434, 94.59449123549479, 110.66678391474704, 86.4431967840405, 90.97759656598473], "difference": [3.7579495800695497, 12.314343099182707, 11.90924403152384, 7.37484424957961, 16.072292679252257, 8.15129445145429, 3.61689466951006, 24.223587130706548, 19.689187348762317, 4.534399781944231], "status": "poor", "average": 11.164403702198541}, "46-58": {"values": [157.41218113996715, 152.16458298100767, 168.75405519836605, 143.75908295642265, 156.70212364724208], "difference": [5.247598158959477, 11.3418740583989, 13.6530981835445, 0.7100574927250705, 16.589472217358377, 8.405500024585024, 4.537540666234406, 24.9949722419434, 12.051931551123971, 12.94304069081943], "status": "poor", "average": 11.047508528569256}}, "points": [1, 9, 10, 17, 18, 22, 23, 27, 31, 46, 52, 55, 58], "combinations": [[1, 58], [17, 58], [9, 18], [9, 27], [10, 18], [10, 27], [17, 55], [18, 31], [27, 31], [18, 52], [27, 52], [18, 58], [27, 58], [22, 31], [23, 31], [22, 58], [23, 58], [27, 55], [31, 46], [46, 58]], "combinations_count": 20}