{"nayeem": [184.0950939915029, 191.940901643505, 236.48886903474752, 234.40126342433481, 247.50046374583061, 219.20509643353157, 152.8125502476431, 128.89395319894075, 132.5149043248131, 162.21270328744046, 163.884126456487, 185.67109750774338, 187.22604107557507, 93.56516950392573, 96.36849805570634, 167.2681018710582, 169.98717115281622, 153.16336314951548, 103.60562556277122, 159.6642429403592], "sathy": [200.78269397749756, 195.46381178369677, 250.0435880429398, 248.78851724581185, 262.7698049942144, 233.52667181446998, 149.4668334030901, 144.90775570520898, 141.35354721727566, 179.21176419133346, 178.4227046123984, 208.4019060369451, 207.8778486921345, 108.61381301666476, 110.1928299253731, 189.72467704225764, 191.82665422412563, 167.25107477552027, 105.36484632417645, 170.39644616345333], "tanim": [195.2895212137134, 189.09459563632072, 241.48906410582586, 242.93858431371171, 252.57710192940638, 226.11765521490062, 150.1312811438711, 129.52216304002374, 126.99373824116583, 168.33785004690407, 166.6013644301551, 189.84552323381251, 188.80597588451585, 89.45631281297422, 89.94830108491762, 170.0461655976955, 170.7344481580917, 154.45212091665897, 94.0832648023478, 158.0490947966865]}